{"stats":{"minecraft:crafted":{"minecraft:oak_sign":3,"spartanshields:wooden_tower_shield":2,"toughasnails:empty_iron_canteen":1,"sophisticatedbackpacks:anvil_upgrade":1,"sophisticatedbackpacks:crafting_upgrade":1,"minecraft:iron_bars":16,"potionring:potion_ring":2,"minecraft:emerald":1,"minecraft:campfire":2,"scguns:mechanical_press":1,"minecraft:iron_pickaxe":1,"minecraft:iron_block":7,"waystones:warp_scroll":3,"minecraft:diamond":1,"minecraft:ender_pearl":1,"minecraft:spruce_boat":4,"spartanweaponry:iron_halberd":3,"minecraft:enchanting_table":1,"sophisticatedbackpacks:gold_backpack":1,"minecraft:white_bed":7,"minecraft:oak_planks":58,"potionring:ring_of_resistance":1,"minecraft:iron_boots":1,"minecraft:chest":6,"minecraft:oak_button":2,"alexscaves:cave_book":1,"sophisticatedbackpacks:backpack":2,"minecraft:crafting_table":32,"minecraft:spruce_planks":25,"spartanshields:iron_tower_shield":1,"minecraft:iron_helmet":4,"bloomingnature:swamp_oak_planks":5,"sophisticatedbackpacks:upgrade_base":2,"minecraft:string":66,"minecraft:iron_chestplate":2,"minecraft:purple_dye":3,"minecraft:emerald_block":6,"iceandfire:tide_teal_helmet":1,"sophisticatedbackpacks:diamond_backpack":1,"minecraft:stick":17,"minecraft:iron_ingot":27,"minecraft:snow_block":20,"minecraft:shears":2,"celestial_core:virtual_gold_ingot":2,"minecraft:furnace":2,"spartanshields:stone_tower_shield":1,"alexscaves:cave_map":1,"spartanweaponry:diamond_rapier":1,"minecraft:leather":2,"grapplemod:grapplinghook":1,"iceandfire_curios:flame_treaders":1,"sophisticatedbackpacks:iron_backpack":1,"spartanweaponry:pole":3,"minecraft:amethyst_shard":66,"spartanweaponry:handle":2,"undead_revamp2:luckysack":1,"minecraft:bread":6,"iceandfire:dragonbone_pickaxe":1,"minecraft:air":470,"minecraft:oak_boat":2,"minecraft:white_wool":11,"minecraft:gold_nugget":10,"firstaid:bandage":80,"minecraft:anvil":2,"minecraft:torch":4,"minecraft:lapis_block":2},"minecraft:killed":{"scguns:swarm":3,"minecraft:cave_spider":27,"undead_revamp2:axestrom":1,"born_in_chaos_v1:baby_skeleton_minion":2,"minecraft:skeleton":75,"minecraft:guardian":5,"scguns:cog_knight":1,"minecraft:chicken":4,"creeperoverhaul:cave_creeper":1,"minecraft:cat":1,"minecraft:iron_golem":1,"minecraft:goat":4,"minecraft:zombie":121,"born_in_chaos_v1:corpse_fly":10,"born_in_chaos_v1:door_knight":1,"minecraft:cow":9,"undead_revamp2:thehunter":3,"scguns:cog_minion":1,"alexsmobs:seagull":1,"born_in_chaos_v1:thornshell_crab":1,"scguns:redcoat":2,"born_in_chaos_v1:seared_spirit_not_despawn":1,"dungeons_and_combat:the_grave_watcher":1,"goblintraders:goblin_trader":1,"born_in_chaos_v1:spiritof_chaos":2,"undead_revamp2:the_moonflower":1,"born_in_chaos_v1:decrepit_skeleton":1,"undead_revamp2:thesomnolence":1,"iceandfire:ghost":1,"born_in_chaos_v1:dark_vortex":4,"minecraft:enderman":9,"undead_revamp2:lechery":5,"minecraft:witch":1,"minecraft:spider":13,"born_in_chaos_v1:scarlet_persecutor":1,"dungeons_and_combat:skull_mimic":1,"minecraft:bee":1,"minecraft:silverfish":19,"undead_revamp2:therod":1,"undead_revamp2:crackleball":2,"born_in_chaos_v1:firelight_not_despawn":1,"dungeons_and_combat:palehand":4,"minecraft:wolf":5,"born_in_chaos_v1:bonescaller":1,"minecraft:zombie_villager":2,"born_in_chaos_v1:diamond_termite":5,"minecraft:creeper":9,"minecraft:sheep":3,"undead_revamp2:theordure":1,"born_in_chaos_v1:dread_hound":5,"minecraft:stray":44,"alexsmobs:fly":8,"minecraft:vex":1,"irons_spellbooks:summoned_zombie":1,"born_in_chaos_v1:zombie_bruiser":1,"born_in_chaos_v1:maggot":43,"minecraft:phantom":21,"alexsmobs:blue_jay":2,"iceandfire:fire_dragon":1,"legendary_monsters:hovering_hurricane":2,"born_in_chaos_v1:corpse_fish":1,"undead_revamp2:sucker":2,"thalassophobia:crab":1,"born_in_chaos_v1:fallen_chaos_knight":1,"minecraft:bat":3,"alexsmobs:cockroach":2,"scguns:hive":1,"minecraft:wither_skeleton":43},"minecraft:killed_by":{"born_in_chaos_v1:siamese_skeletons":2,"minecraft:zombie":9},"minecraft:mined":{"minecraft:white_bed":1,"dungeons_and_combat:cobblestone_brick":4,"minecraft:obsidian":11,"minecraft:granite":8,"minecraft:stone_brick_wall":2,"minecraft:diorite_stairs":1,"scguns:mechanical_press":1,"minecraft:spawner":104,"minecraft:tall_seagrass":1,"minecraft:magma_block":7,"gobber2:gobber2_ore":6,"minecraft:mossy_cobblestone_stairs":4,"minecraft:cobbled_deepslate":5,"minecraft:fire":47,"minecraft:deepslate_lapis_ore":16,"minecraft:nether_brick_stairs":5,"minecraft:enchanting_table":4,"scguns:phosphorite":15,"minecraft:amethyst_cluster":22,"minecraft:powder_snow":31,"minecraft:torch":2,"dungeons_and_combat:cobblestone_brick_mossy":2,"undead_revamp2:deepslateinducerinactive":7,"minecraft:sugar_cane":5,"minecraft:amethyst_block":57,"minecraft:wheat":8,"minecraft:stone_brick_stairs":5,"minecraft:grass":33,"minecraft:infested_mossy_stone_bricks":1,"minecraft:smooth_basalt":6,"minecraft:deepslate":74,"treasure2:wishing_well_stone_bricks_block":1,"undead_revamp2:deepslateinducer":4,"minecraft:mossy_cobblestone":38,"minecraft:nether_bricks":6,"born_in_chaos_v1:black_argillite":2,"bloomingnature:fir_log":7,"minecraft:andesite":41,"minecraft:diamond_block":1,"minecraft:mossy_stone_brick_stairs":4,"minecraft:vine":13,"minecraft:white_wool":7,"minecraft:soul_sand":24,"minecraft:brown_carpet":9,"minecraft:tall_grass":13,"minecraft:diorite":32,"scguns:gun_bench":1,"minecraft:white_carpet":41,"minecraft:spruce_log":27,"scguns:deepslate_anthralite_ore":4,"minecraft:pitcher_crop":2,"minecraft:gravel":2,"minecraft:cobweb":13,"minecraft:stone_bricks":11,"minecraft:fern":2,"minecraft:large_amethyst_bud":1,"minecraft:stone_pressure_plate":1,"minecraft:orange_wool":1,"minecraft:budding_amethyst":1,"minecraft:grass_block":8,"gobber2:gobber2_ore_deepslate":7,"bloomingnature:fir_leaves":2,"minecraft:polished_diorite":36,"iceandfire_curios:fire_step_trail":80,"born_in_chaos_v1:black_argillite_brick_stairs":2,"minecraft:brown_bed":1,"minecraft:iron_bars":161,"dungeons_and_combat:cobblestone_brick_stairs":7,"minecraft:spruce_slab":1,"undead_revamp2:inducerstoneinactive":2,"minecraft:calcite":7,"minecraft:chest":1,"minecraft:cobblestone":27,"minecraft:oak_planks":4,"minecraft:iron_door":1,"minecraft:wall_torch":2,"minecraft:nether_wart_block":2,"minecraft:tnt":2,"minecraft:oak_log":32,"minecraft:sand":1,"minecraft:dirt":37,"minecraft:netherrack":4,"minecraft:oak_leaves":7,"minecraft:emerald_block":2,"scguns:sulfur_ore":29,"minecraft:tuff":14,"born_in_chaos_v1:infected_diamond_ore":4,"iceandfire:chared_dirt":1,"minecraft:spruce_leaves":21,"minecraft:large_fern":7,"minecraft:gold_block":2,"minecraft:bookshelf":15,"dungeons_and_combat:cobblestone_brick_slab":6,"scguns:deepslate_sulfur_ore":8,"minecraft:stone":141,"minecraft:scaffolding":1,"minecraft:snow_block":69,"minecraft:oak_fence":1,"minecraft:crafting_table":2,"born_in_chaos_v1:chipped_black_argillite_brick":1,"minecraft:lapis_ore":5,"minecraft:lime_bed":1,"minecraft:yellow_bed":1,"minecraft:coal_ore":13,"minecraft:lodestone":1,"minecraft:cracked_stone_bricks":18,"minecraft:polished_andesite":3,"minecraft:mossy_stone_bricks":29},"minecraft:custom":{"minecraft:interact_with_crafting_table":157,"minecraft:open_barrel":31,"minecraft:eat_cake_slice":2,"minecraft:leave_game":25,"minecraft:time_since_death":5297,"minecraft:damage_blocked_by_shield":11568,"minecraft:play_time":735760,"minecraft:deaths":30,"minecraft:jump":8246,"minecraft:enchant_item":15,"minecraft:interact_with_furnace":5,"minecraft:traded_with_villager":18,"minecraft:sleep_in_bed":17,"minecraft:damage_dealt":205436,"waystones:waystone_activated":4,"minecraft:horse_one_cm":479645,"minecraft:interact_with_anvil":2,"minecraft:sneak_time":28624,"minecraft:interact_with_lectern":1,"minecraft:interact_with_blast_furnace":1,"minecraft:total_world_time":735760,"minecraft:time_since_rest":5408,"minecraft:swim_one_cm":365071,"minecraft:fly_one_cm":1331454,"minecraft:open_chest":461,"minecraft:fall_one_cm":658487,"minecraft:damage_resisted":43389,"minecraft:sprint_one_cm":1792000,"minecraft:drop":330,"minecraft:talked_to_villager":40,"minecraft:walk_on_water_one_cm":59570,"minecraft:interact_with_loom":8,"minecraft:crouch_one_cm":68810,"minecraft:mob_kills":586,"minecraft:damage_dealt_resisted":5847,"minecraft:climb_one_cm":32340,"minecraft:walk_one_cm":1366128,"minecraft:walk_under_water_one_cm":104771,"minecraft:boat_one_cm":148847,"spartanshields:shield_bash_hits":3,"minecraft:damage_taken":50090,"minecraft:trigger_trapped_chest":6,"minecraft:aviate_one_cm":12134},"minecraft:broken":{"roughtweaks:salve":1,"minecraft:iron_boots":4,"minecraft:iron_chestplate":2,"minecraft:iron_leggings":1,"minecraft:chainmail_boots":1,"spartanshields:iron_basic_shield":1,"spartanweaponry:iron_halberd":2,"minecraft:diamond_leggings":1,"dungeons_and_combat:heavy_hammer":1,"minecraft:chainmail_helmet":1,"dungeons_and_combat:hood_of_shame_helmet":1,"minecraft:shield":1,"dungeons_and_combat:titan_leggings":1,"minecraft:iron_pickaxe":1,"minecraft:iron_helmet":5,"dungeons_and_combat:titan_chestplate":1,"minecraft:golden_leggings":1,"minecraft:diamond_boots":1,"minecraft:chainmail_chestplate":1,"roughtweaks:plaster":2,"minecraft:diamond_sword":2,"minecraft:diamond_chestplate":1,"minecraft:leather_boots":1,"roughtweaks:bandage":2,"dungeons_and_combat:heavy_shield":1},"minecraft:dropped":{"minecraft:iron_sword":1,"dungeons_and_combat:titan_helmet":1,"minecraft:lapis_lazuli":27,"minecraft:cooked_beef":2,"minecraft:glass_bottle":9,"minecraft:diamond":1,"scguns:grenade":1,"minecraft:crossbow":1,"relics:infinity_ham":4,"scguns:anthralite_leggings":2,"minecraft:rooted_dirt":2,"minecraft:cracked_stone_bricks":2,"sophisticatedbackpacks:gold_backpack":1,"born_in_chaos_v1:monster_flesh":2,"minecraft:dirt":24,"firstaid:bandage":18,"bloomingnature:chestnut_sapling":1,"iceandfire:fire_dragon_blood":1,"minecraft:iron_pickaxe":1,"iceandfire:dragonbone_pickaxe":1,"minecraft:bone":78,"minecraft:stone_axe":1,"minecraft:cobbled_deepslate":49,"alexsmobs:animal_dictionary":1,"minecraft:wheat":5,"minecraft:rotten_flesh":68,"minecraft:oak_planks":30,"scguns:standard_copper_round":4,"minecraft:tipped_arrow":11,"minecraft:charcoal":1,"apotheosis:gem":4,"minecraft:beef":9,"dungeons_and_combat:saw_cleaver_glaive":1,"reliquary:zombie_heart":2,"minecraft:golden_boots":1,"minecraft:iron_ingot":1,"minecraft:wheat_seeds":44,"simplyswords:iron_chakram":1,"bountifulbaubles:bezoar":3,"minecraft:iron_helmet":1,"minecraft:cobblestone":3,"minecraft:apple":3,"spartanshields:iron_basic_shield":2,"minecraft:coal":13,"minecraft:golden_apple":11,"minecraft:oxeye_daisy":4,"minecraft:cobweb":2,"minecraft:potion":9,"minecraft:chainmail_leggings":4,"minecraft:paper":4,"minecraft:string":4,"minecraft:spruce_sapling":4,"minecraft:bowl":1,"minecraft:deepslate":3,"spartanweaponry:iron_halberd":1,"minecraft:chicken":1,"sophisticatedbackpacks:backpack":1,"minecraft:nether_bricks":2,"minecraft:potato":4,"bloomingnature:fir_log":1,"minecraft:stone":166,"minecraft:spruce_planks":1,"uncraftingtable76:uncraftingtable":1,"minecraft:stone_pressure_plate":1,"minecraft:spider_eye":5,"minecraft:stone_bricks":3,"minecraft:bow":1,"bloomingnature:goatsbeard":1,"scalinghealth:bandages":4,"iceandfire:chared_dirt":1,"minecraft:leather":2,"artifacts:night_vision_goggles":1,"minecraft:cornflower":1,"minecraft:mutton":2,"minecraft:snowball":96,"dungeons_and_combat:estus_flask":5,"simplyswords:runic_tablet":1,"treasure2:gold_coin":8,"minecraft:diorite_stairs":1,"patchouli:guide_book":4,"minecraft:chainmail_chestplate":2,"scguns:anthralite_nugget":5,"minecraft:leather_chestplate":1,"reliquary:angelheart_vial":1,"minecraft:gunpowder":10,"sophisticatedbackpacks:anvil_upgrade":3,"scguns:honey_sulfur_poultice":18,"born_in_chaos_v1:corpse_maggot":2,"minecraft:chainmail_boots":1,"doggytalents:rice_grains":13,"minecraft:iron_bars":2,"minecraft:arrow":6,"dungeons_and_combat:titan_boots":1,"minecraft:polished_granite":2,"minecraft:netherrack":3,"minecraft:bread":8,"treasure2:thiefs_lock_pick":2,"minecraft:golden_helmet":1,"minecraft:mossy_cobblestone":3,"too_many_bows:power_crystal":1,"bountifulbaubles:potion_wormhole":5,"scguns:phosphorite":2,"minecraft:stick":8,"irons_spellbooks:scroll":1,"minecraft:diorite":9,"minecraft:torch":7,"minecraft:iron_leggings":4,"minecraft:iron_axe":2,"spartanfire:flamed_dragon_bone_rapier":1,"bountifulbaubles:mossy_ring":1,"bountifulbaubles:luck_coin":1,"iceandfire:dragonbone":1,"minecraft:smooth_basalt":2,"minecraft:polished_diorite":27,"simplyswords:thunderbrand":1,"minecraft:coarse_dirt":2,"dungeons_and_combat:saw_cleaver_sickle":2,"scguns:makeshift_rifle":2,"iceandfire:witherbone":2,"alexsmobs:ancient_dart":1,"minecraft:shield":2,"minecraft:oak_button":1,"trinketsandbaubles:glowing_powder":4,"minecraft:iron_chestplate":5,"minecraft:andesite":4,"minecraft:mossy_stone_bricks":4,"minecraft:golden_sword":1,"dungeons_and_combat:true_claymore":1},"minecraft:used":{"minecraft:chest":2,"minecraft:stone":10,"minecraft:rotten_flesh":5,"minecraft:soul_sand":1,"minecraft:lily_of_the_valley":1,"toughasnails:iron_purified_water_canteen":28,"spartanweaponry:diamond_rapier":503,"minecraft:spruce_boat":4,"minecraft:furnace":1,"minecraft:oak_sapling":2,"minecraft:egg":1,"minecraft:mossy_stone_bricks":3,"minecraft:diorite":2,"minecraft:wooden_pickaxe":1,"minecraft:golden_apple":11,"scguns:grenade":16,"minecraft:diamond_sword":297,"minecraft:oak_boat":2,"dungeons_and_combat:saw_cleaver_glaive":157,"toughasnails:iron_water_canteen":20,"minecraft:iron_bars":25,"minecraft:enchanting_table":5,"minecraft:torch":5,"minecraft:anvil":1,"minecraft:nether_brick_stairs":1,"minecraft:mossy_cobblestone_stairs":1,"minecraft:iron_axe":13,"minecraft:rooted_dirt":3,"undead_revamp2:huntereye":1,"minecraft:beef":21,"minecraft:cobbled_deepslate":8,"minecraft:water_bucket":64,"minecraft:leather_boots":1,"minecraft:cracked_stone_bricks":7,"minecraft:mossy_cobblestone":5,"minecraft:tnt":1,"minecraft:crafting_table":30,"minecraft:campfire":2,"minecraft:white_bed":9,"minecraft:spruce_log":2,"minecraft:oak_log":1,"minecraft:iron_pickaxe":466,"dungeons_and_combat:heavy_shield":26,"minecraft:cobblestone":65,"minecraft:potion":47,"minecraft:iron_shovel":75,"minecraft:oak_sign":3,"minecraft:shield":104,"minecraft:iron_sword":541,"minecraft:iron_chestplate":3,"dungeons_and_combat:egyptian_beer":1,"minecraft:tuff":6,"born_in_chaos_v1:corpse_maggot":8,"minecraft:lantern":1,"minecraft:iron_helmet":3,"born_in_chaos_v1:gnawed_bones":1,"minecraft:stone_bricks":3,"minecraft:item_frame":1,"treasure2:copper_broad_axe":17,"spartanshields:iron_basic_shield":85,"minecraft:scaffolding":1,"minecraft:oak_planks":65,"minecraft:diamond_axe":63,"minecraft:white_wool":4,"alexscaves:cave_book":2,"spartanshields:stone_tower_shield":34,"minecraft:bread":21,"minecraft:iron_door":1,"minecraft:deepslate":5,"minecraft:andesite":2,"minecraft:air":2,"minecraft:experience_bottle":3,"minecraft:oak_fence":1,"dungeons_and_combat:estus_flask":3,"minecraft:flint_and_steel":1,"minecraft:spruce_planks":21,"spartanweaponry:iron_halberd":953,"minecraft:dirt":29,"scalinghealth:heart_crystal":13,"dungeons_and_combat:heavy_hammer":221,"toughasnails:empty_iron_canteen":1,"spartanweaponry:iron_longbow":12,"minecraft:iron_hoe":1,"scguns:mechanical_press":1,"minecraft:iron_boots":1,"minecraft:pitcher_plant":2,"minecraft:emerald_block":1,"scalinghealth:bandages":10,"minecraft:cooked_beef":28,"iceandfire:dragonbone_pickaxe":596,"minecraft:brown_bed":1,"undead_revamp2:wincallerfan":7,"minecraft:snow_block":7,"minecraft:glass_bottle":37,"dungeons_and_combat:saw_cleaver_sickle":9,"scguns:phosphorite":1,"spartanshields:iron_tower_shield":90,"minecraft:lime_bed":1,"minecraft:spider_eye":6,"celestisynth:lunar_stone":1,"minecraft:apple":36,"dungeons_and_combat:true_claymore":1511,"dungeons_and_combat:mead":1,"dungeons_and_combat:lisianthus":1,"minecraft:bucket":63,"minecraft:yellow_bed":1},"minecraft:picked_up":{"minecraft:iron_chestplate":8,"minecraft:chainmail_boots":4,"minecraft:anvil":1,"minecraft:diamond_sword":3,"minecraft:brown_bed":1,"minecraft:enchanted_book":1,"minecraft:golden_sword":1,"minecraft:amethyst_block":51,"scguns:raw_anthralite":4,"minecraft:string":83,"iceandfire:dragonbone_pickaxe":1,"minecraft:diamond_leggings":1,"minecraft:gold_nugget":1,"minecraft:cobbled_deepslate":193,"minecraft:spruce_planks":14,"dungeons_and_combat:estus_flask":2,"minecraft:coal_block":1,"minecraft:golden_helmet":2,"born_in_chaos_v1:shattered_skull":1,"dungeons_and_combat:cursed_soul":1,"minecraft:golden_chestplate":1,"bountifulbaubles:magic_mirror":1,"minecraft:brown_carpet":9,"thalassophobia:raw_crab":1,"undead_revamp2:devilurchin":3,"minecraft:iron_bars":18,"minecraft:snowball":272,"simplyswords:thunderbrand":1,"minecraft:magma_block":6,"sophisticatedbackpacks:anvil_upgrade":3,"minecraft:feather":2,"minecraft:cooked_beef":5,"minecraft:iron_door":1,"born_in_chaos_v1:spiritual_dust":2,"spartanshields:iron_basic_shield":3,"celestisynth:lunar_scrap":2,"legendary_monsters:cloud_rod":7,"minecraft:lantern":1,"gobber2:gobber2_globette":12,"patchouli:guide_book":1,"iceandfire:shiny_scales":1,"minecraft:fermented_spider_eye":1,"roughtweaks:bandage":4,"roughtweaks:salve":4,"minecraft:iron_hoe":3,"minecraft:polished_andesite":3,"dungeons_and_combat:cursed_silk":3,"minecraft:deepslate":28,"bountifulbaubles:bezoar":4,"minecraft:granite":8,"minecraft:chainmail_helmet":4,"minecraft:bread":10,"alexsmobs:maggot":4,"minecraft:rooted_dirt":5,"minecraft:crafting_table":2,"minecraft:coarse_dirt":2,"scguns:sandbag":1,"iceandfire:witherbone":6,"born_in_chaos_v1:seedof_chaos":4,"traveloptics:nature_echo":1,"minecraft:cornflower":2,"scguns:small_copper_casing":15,"minecraft:white_carpet":41,"minecraft:iron_shovel":2,"minecraft:cracked_stone_bricks":22,"minecraft:beef":30,"born_in_chaos_v1:gnawed_bones":1,"alshanex_familiars:spider_fang":7,"scguns:ancient_brass":11,"minecraft:poppy":2,"minecraft:chest":1,"minecraft:diamond_hoe":1,"reliquary:rib_bone":2,"minecraft:stone":339,"scguns:anthralite_ingot":23,"scguns:anthralite_leggings":1,"bloomingnature:fir_log":7,"dungeons_and_combat:saw_cleaver_glaive":1,"born_in_chaos_v1:pieceofdarkmetal":7,"minecraft:tnt":1,"bountifulbaubles:potion_recall":1,"minecraft:diamond_chestplate":1,"minecraft:diamond_boots":1,"born_in_chaos_v1:spiny_shell":3,"minecraft:gold_ingot":4,"spartanfire:flamed_dragon_bone_rapier":1,"undead_revamp2:wincallerfan":1,"minecraft:mutton":2,"minecraft:white_wool":56,"minecraft:oxeye_daisy":4,"minecraft:lime_bed":1,"born_in_chaos_v1:monster_flesh":3,"doggytalents:rice_grains":19,"scguns:phosphorite":13,"minecraft:oak_log":38,"scalinghealth:bandages":16,"minecraft:golden_boots":1,"traveloptics:ender_echo":2,"minecraft:paper":12,"minecraft:diorite_stairs":1,"minecraft:apple":3,"minecraft:stone_bricks":9,"minecraft:kelp":9,"alexsmobs:cockroach_wing_fragment":2,"minecraft:cobweb":4,"scalinghealth:power_crystal_shard":5,"relics:infinity_ham":4,"minecraft:glass_bottle":7,"minecraft:iron_sword":5,"simplyswords:iron_spear":1,"minecraft:smooth_basalt":5,"born_in_chaos_v1:ethereal_spirit":7,"minecraft:cracked_nether_bricks":2,"minecraft:gravel":1,"minecraft:spruce_sapling":5,"minecraft:spruce_log":28,"bountifulbaubles:book_o_enchanting":1,"minecraft:leather_helmet":1,"minecraft:polished_diorite":31,"minecraft:stone_axe":1,"scguns:gun_bench":1,"minecraft:diamond_axe":3,"minecraft:scute":2,"minecraft:gray_wool":2,"minecraft:lodestone":1,"minecraft:ender_pearl":11,"irons_spellbooks:scroll":1,"minecraft:wheat":5,"minecraft:potion":7,"xtraarrows:bat_skin":3,"firstaid:morphine":1,"minecraft:stone_brick_stairs":3,"born_in_chaos_v1:black_argillite":2,"iceandfire:sea_serpent_scales_teal":5,"bountifulbaubles:spectral_silt":2,"minecraft:iron_leggings":7,"irons_spellbooks:arcane_essence":4,"reliquary:zombie_heart":6,"dungeons_and_combat:cobblestone_brick_slab":3,"spartanweaponry:diamond_rapier":2,"minecraft:calcite":5,"minecraft:smooth_quartz":1,"minecraft:iron_pickaxe":2,"minecraft:iron_boots":5,"minecraft:tipped_arrow":27,"minecraft:stick":3,"apotheosis:gem":22,"roughtweaks:plaster":2,"dungeons_and_combat:rotten_hammer":1,"minecraft:oak_fence":1,"minecraft:torch":11,"born_in_chaos_v1:flaming_evil_pumpkin":1,"uncraftingtable76:uncraftingtable":1,"minecraft:diorite":42,"minecraft:quartz_block":3,"minecraft:rotten_flesh":169,"dungeons_and_combat:true_claymore":4,"bountifulbaubles:turtle_shell":1,"dungeons_and_combat:saw_cleaver_sickle":1,"reliquary:mob_charm_fragment":2,"minecraft:obsidian":10,"minecraft:blaze_powder":5,"minecraft:cobblestone":193,"minecraft:enchanting_table":4,"minecraft:leather_chestplate":1,"minecraft:andesite":33,"minecraft:golden_leggings":4,"minecraft:potato":4,"bountifulbaubles:phylactery_charm":1,"minecraft:tuff":13,"undead_revamp2:huntereye":2,"minecraft:lapis_lazuli":161,"minecraft:dirt":89,"iceandfire:dragonscales_bronze":6,"minecraft:polished_granite":2,"born_in_chaos_v1:monster_skin":2,"minecraft:leather_boots":1,"minecraft:bone":236,"minecraft:bow":7,"minecraft:wheat_seeds":51,"dungeons_and_combat:hood_of_shame_helmet":2,"minecraft:mossy_stone_bricks":16,"scguns:sulfur_chunk":96,"minecraft:mossy_stone_brick_stairs":1,"minecraft:oak_planks":63,"irons_spellbooks:frozen_bone":114,"dungeons_and_combat:silver_ingot":7,"dungeons_and_combat:lisianthus":1,"minecraft:sand":1,"minecraft:nether_brick_stairs":3,"bloomingnature:goatsbeard":1,"minecraft:diamond_block":1,"minecraft:lily_of_the_valley":1,"minecraft:orange_wool":1,"minecraft:mossy_cobblestone":21,"treasure2:thiefs_lock_pick":2,"minecraft:sugar":2,"born_in_chaos_v1:fire_dust":6,"minecraft:diamond":26,"bloomingnature:swamp_oak_log":5,"minecraft:crossbow":1,"minecraft:golden_apple":11,"minecraft:emerald":2,"minecraft:oak_sapling":3,"minecraft:netherrack":3,"undead_revamp2:bostroxingot":1,"minecraft:charcoal":14,"born_in_chaos_v1:diamond_termite_shard":5,"minecraft:chicken":2,"scguns:honey_sulfur_poultice":8,"minecraft:stone_brick_wall":2,"minecraft:gold_block":2,"minecraft:shield":5,"bountifulbaubles:mossy_ring":1,"minecraft:iron_axe":8,"minecraft:item_frame":2,"spartanweaponry:iron_longbow":1,"minecraft:sugar_cane":6,"minecraft:raw_iron":1,"iceandfire:dragonbone":13,"minecraft:copper_ingot":2,"minecraft:bowl":2,"minecraft:stone_pressure_plate":1,"dungeons_and_combat:titanium_ingot":8,"spartanweaponry:iron_halberd":1,"minecraft:arrow":229,"xtraarrows:vex_wing":2,"minecraft:nether_bricks":3,"iceandfire:chared_dirt":1,"minecraft:saddle":1,"too_many_bows:power_crystal":1,"born_in_chaos_v1:corpse_maggot":24,"minecraft:air":0,"minecraft:leather":14,"minecraft:chainmail_chestplate":4,"minecraft:yellow_bed":1,"minecraft:nether_wart_block":1,"minecraft:gunpowder":25,"scalinghealth:heart_crystal":10,"dungeons_and_combat:cobblestone_brick_mossy":1,"scguns:anthralite_nugget":17,"bountifulbaubles:treasure_bag":1,"scguns:powder_and_ball":36,"minecraft:iron_ingot":262,"bloomingnature:chestnut_sapling":1,"minecraft:soul_sand":25,"minecraft:book":36,"minecraft:scaffolding":1,"scalinghealth:heart_crystal_shard":48,"minecraft:emerald_block":2,"minecraft:pitcher_plant":2,"minecraft:dandelion":1,"born_in_chaos_v1:dark_rod":10,"minecraft:amethyst_shard":36,"minecraft:white_bed":1,"minecraft:spider_eye":20,"scguns:mechanical_press":1,"artifacts:helium_flamingo":1,"minecraft:chainmail_leggings":5,"treasure2:gold_coin":3,"minecraft:iron_helmet":3,"minecraft:mossy_cobblestone_stairs":1,"simplyswords:iron_chakram":1,"celestial_core:virtual_gold_nugget":25,"minecraft:coal":24}},"DataVersion":3465}