{"stats":{"minecraft:crafted":{"scalinghealth:power_crystal":1,"minecraft:wooden_hoe":3,"minecraft:iron_pickaxe":2,"minecraft:iron_block":4,"bloomingnature:fir_button":1,"spartanshields:wooden_basic_shield":4,"spartanfire:flamed_dragon_bone_rapier":1,"minecraft:stone_pickaxe":1,"minecraft:spruce_boat":6,"minecraft:wheat":99,"sophisticatedbackpacks:gold_backpack":1,"minecraft:white_bed":1,"minecraft:oak_planks":54,"spartanshields:iron_basic_shield":3,"minecraft:chest":2,"minecraft:oak_button":2,"minecraft:crafting_table":22,"minecraft:spruce_planks":71,"minecraft:wooden_pickaxe":4,"bloomingnature:swamp_oak_planks":7,"spartanweaponry:iron_longbow":1,"minecraft:iron_chestplate":1,"minecraft:stick":16,"minecraft:iron_ingot":75,"minecraft:stone_sword":1,"minecraft:shears":1,"spartanfire:dragon_bone_rapier":1,"minecraft:furnace":2,"spartanweaponry:stone_longsword":1,"spartanfire:witherbone_handle":1,"sophisticatedbackpacks:iron_backpack":1,"minecraft:amethyst_shard":51,"bloomingnature:fir_planks":13,"bloomingnature:larch_planks":4,"spartanweaponry:handle":2,"spartanshields:stone_basic_shield":1,"scalinghealth:heart_crystal":1,"minecraft:bucket":1,"minecraft:air":779,"iceandfire:dragonbone_pickaxe":1,"minecraft:bread":105,"minecraft:oak_boat":2,"minecraft:anvil":1,"minecraft:torch":3},"minecraft:killed":{"scguns:swarm":4,"minecraft:cave_spider":2,"thalassophobia:bull_shark":1,"undead_revamp2:theswarmer":1,"minecraft:skeleton":31,"minecraft:guardian":3,"scguns:cog_knight":2,"born_in_chaos_v1:skeleton_thrasher":1,"minecraft:magma_cube":9,"minecraft:iron_golem":1,"minecraft:pillager":1,"undead_revamp2:slaveman":1,"minecraft:zombie":43,"born_in_chaos_v1:corpse_fly":3,"undead_revamp2:thehunter":1,"thalassophobia:megapiranha":2,"scguns:cog_minion":1,"scguns:redcoat":1,"born_in_chaos_v1:dire_hound_leader":1,"undead_revamp2:thebidy":1,"dungeons_and_combat:the_grave_watcher":1,"iceandfire:cyclops":1,"born_in_chaos_v1:dark_vortex":1,"minecraft:enderman":2,"undead_revamp2:thewolf":1,"undead_revamp2:lechery":1,"minecraft:spider":5,"born_in_chaos_v1:scarlet_persecutor":1,"dungeons_and_combat:skull_mimic":1,"minecraft:bee":1,"undead_revamp2:therod":1,"dungeons_and_combat:palehand":15,"minecraft:pig":2,"minecraft:zombie_villager":3,"born_in_chaos_v1:diamond_termite":5,"undead_revamp2:thebeartamer":1,"irons_spellbooks:necromancer":1,"minecraft:creeper":6,"minecraft:sheep":4,"born_in_chaos_v1:dread_hound":5,"minecraft:stray":32,"alexsmobs:fly":1,"irons_spellbooks:summoned_zombie":4,"born_in_chaos_v1:zombie_bruiser":1,"born_in_chaos_v1:maggot":26,"minecraft:phantom":19,"iceandfire:fire_dragon":1,"alexsmobs:bison":1,"born_in_chaos_v1:corpse_fish":4,"undead_revamp2:sucker":2,"legendary_monsters:stratling":2,"born_in_chaos_v1:swarmer":1,"minecraft:bat":1,"alexsmobs:crow":1,"scguns:hive":1,"minecraft:wither_skeleton":14},"minecraft:killed_by":{"minecraft:zombie_villager":1,"minecraft:zombie":11,"minecraft:stray":3,"legendary_monsters:cloud_golem":1,"born_in_chaos_v1:corpse_fly":1,"minecraft:skeleton":2},"minecraft:mined":{"dungeons_and_combat:cobblestone_brick_wall":4,"minecraft:dark_prismarine_stairs":5,"minecraft:white_bed":7,"minecraft:red_nether_bricks":3,"minecraft:granite":27,"minecraft:stone_brick_wall":2,"minecraft:coal_block":2,"minecraft:oak_wall_sign":2,"minecraft:spawner":28,"minecraft:magma_block":1,"minecraft:mossy_cobblestone_stairs":5,"minecraft:cobbled_deepslate":17,"minecraft:fire":20,"minecraft:deepslate_lapis_ore":2,"minecraft:nether_brick_stairs":4,"minecraft:enchanting_table":2,"iceandfire:gold_pile":1,"minecraft:light_gray_concrete":11,"scguns:phosphorite":16,"minecraft:iron_block":1,"minecraft:tripwire":2,"minecraft:brown_mushroom":3,"minecraft:powder_snow":24,"minecraft:torch":29,"minecraft:blast_furnace":1,"minecraft:sugar_cane":5,"minecraft:bricks":4,"minecraft:amethyst_block":5,"minecraft:polished_diorite_stairs":6,"minecraft:stone_brick_stairs":5,"minecraft:grass":125,"minecraft:smooth_quartz":6,"minecraft:sandstone_wall":1,"minecraft:smooth_basalt":3,"minecraft:deepslate":268,"minecraft:dark_prismarine":8,"minecraft:mossy_cobblestone":30,"minecraft:nether_bricks":61,"born_in_chaos_v1:black_argillite":13,"bloomingnature:fir_log":5,"born_in_chaos_v1:gnawed_bones":2,"iceandfire:chared_gravel":2,"minecraft:andesite":34,"minecraft:mossy_stone_brick_stairs":5,"minecraft:vine":21,"minecraft:oak_slab":1,"minecraft:light_gray_carpet":2,"minecraft:soul_sand":7,"minecraft:lily_of_the_valley":2,"minecraft:potted_lily_of_the_valley":1,"minecraft:cornflower":1,"bloomingnature:larch_log":4,"minecraft:campfire":1,"minecraft:tall_grass":54,"minecraft:diorite":44,"minecraft:black_stained_glass":2,"minecraft:white_carpet":6,"minecraft:spruce_log":137,"scguns:deepslate_anthralite_ore":2,"minecraft:pitcher_crop":1,"minecraft:zombie_head":1,"minecraft:gravel":10,"minecraft:cobweb":3,"minecraft:stone_bricks":24,"scguns:anthralite_ore":4,"minecraft:fern":18,"minecraft:spruce_planks":12,"minecraft:farmland":1,"minecraft:grass_block":43,"minecraft:polished_diorite":24,"iceandfire_curios:fire_step_trail":2,"minecraft:iron_ore":109,"minecraft:anvil":2,"minecraft:dark_oak_stairs":1,"minecraft:brown_bed":3,"minecraft:iron_bars":30,"bloomingnature:mossgrass":33,"minecraft:granite_stairs":7,"minecraft:polished_granite_stairs":9,"minecraft:spruce_slab":4,"minecraft:deepslate_redstone_ore":1,"undead_revamp2:inducerstoneinactive":1,"minecraft:quartz_block":2,"minecraft:chiseled_quartz_block":4,"minecraft:calcite":3,"iceandfire:ghost_chest":1,"iceandfire:frozen_dirt":1,"minecraft:cobblestone":90,"minecraft:oak_planks":10,"minecraft:wall_torch":6,"minecraft:dark_oak_slab":1,"minecraft:nether_wart_block":3,"minecraft:birch_log":7,"minecraft:tnt":2,"minecraft:oak_log":98,"minecraft:diorite_wall":1,"minecraft:dirt":115,"minecraft:netherrack":11,"minecraft:oak_leaves":17,"scguns:sulfur_ore":1,"minecraft:diamond_ore":5,"minecraft:quartz_stairs":1,"minecraft:deepslate_diamond_ore":8,"born_in_chaos_v1:infected_diamond_ore":1,"minecraft:brick_stairs":22,"minecraft:white_stained_glass":6,"minecraft:spruce_leaves":206,"minecraft:large_fern":38,"minecraft:hay_block":35,"minecraft:diorite_slab":2,"minecraft:furnace":2,"minecraft:gold_block":1,"bloomingnature:swamp_oak_leaves":7,"minecraft:bookshelf":39,"minecraft:deepslate_iron_ore":57,"bloomingnature:larch_leaves":1,"minecraft:stripped_oak_log":16,"minecraft:packed_ice":1,"minecraft:stone":671,"minecraft:podzol":2,"minecraft:snow_block":28,"minecraft:polished_granite":2,"minecraft:crafting_table":4,"minecraft:gray_stained_glass":8,"minecraft:lime_bed":1,"bloomingnature:swamp_oak_log":33,"bloomingnature:fir_planks":1,"minecraft:sweet_berry_bush":23,"minecraft:ice":3,"minecraft:yellow_bed":10,"minecraft:coal_ore":25,"minecraft:cyan_carpet":2,"minecraft:cracked_stone_bricks":17,"minecraft:mossy_stone_bricks":39},"minecraft:custom":{"minecraft:interact_with_crafting_table":80,"minecraft:open_barrel":16,"minecraft:bell_ring":3,"minecraft:eat_cake_slice":1,"minecraft:leave_game":8,"minecraft:time_since_death":12722,"minecraft:damage_blocked_by_shield":2808,"minecraft:play_time":615259,"minecraft:deaths":111,"minecraft:jump":11443,"minecraft:enchant_item":3,"minecraft:interact_with_furnace":26,"minecraft:traded_with_villager":3,"minecraft:sleep_in_bed":11,"minecraft:damage_dealt":134674,"waystones:waystone_activated":1,"minecraft:inspect_dispenser":1,"minecraft:horse_one_cm":168414,"minecraft:interact_with_anvil":4,"minecraft:sneak_time":38620,"minecraft:interact_with_blast_furnace":8,"minecraft:total_world_time":615259,"minecraft:time_since_rest":12748,"minecraft:swim_one_cm":382747,"minecraft:fly_one_cm":1740231,"minecraft:open_chest":308,"minecraft:fall_one_cm":428792,"minecraft:damage_resisted":0,"minecraft:sprint_one_cm":1595919,"minecraft:drop":705,"minecraft:talked_to_villager":16,"minecraft:interact_with_brewingstand":2,"minecraft:walk_on_water_one_cm":71572,"minecraft:crouch_one_cm":128455,"minecraft:mob_kills":298,"minecraft:damage_dealt_resisted":2000025190,"minecraft:climb_one_cm":32738,"minecraft:walk_one_cm":1266750,"minecraft:walk_under_water_one_cm":127523,"minecraft:boat_one_cm":301942,"spartanshields:shield_bash_hits":24,"minecraft:damage_taken":61388,"minecraft:trigger_trapped_chest":1},"minecraft:broken":{"roughtweaks:salve":5,"minecraft:iron_boots":2,"minecraft:iron_chestplate":1,"minecraft:iron_leggings":1,"spartanshields:stone_basic_shield":1,"simplyswords:iron_halberd":1,"minecraft:iron_pickaxe":1,"minecraft:iron_helmet":2,"minecraft:leather_leggings":1,"dungeons_and_combat:bronze_war_hammer":1,"roughtweaks:plaster":1,"roughtweaks:bandage":5},"minecraft:dropped":{"minecraft:iron_sword":2,"minecraft:porkchop":3,"simplyswords:iron_glaive":1,"minecraft:cooked_beef":11,"minecraft:glass_bottle":13,"minecraft:diamond":2,"minecraft:crafting_table":1,"dungeons_and_combat:cobblestone_brick_wall":2,"minecraft:cookie":5,"minecraft:mossy_stone_brick_stairs":4,"iceandfire:ectoplasm":8,"minecraft:cracked_stone_bricks":6,"minecraft:rail":4,"minecraft:emerald":1,"born_in_chaos_v1:monster_flesh":8,"minecraft:dirt":45,"minecraft:stone_button":5,"bountifulbaubles:golden_skull":1,"irons_spellbooks:arcane_essence":1,"minecraft:gold_nugget":13,"minecraft:bone_meal":1,"minecraft:sugar":2,"minecraft:iron_pickaxe":4,"minecraft:white_wool":8,"bountifulbaubles:magic_mirror":1,"minecraft:cyan_carpet":1,"iceandfire:dragonbone_pickaxe":1,"minecraft:bone":80,"undead_revamp2:huntereye":1,"minecraft:stone_axe":1,"bloomingnature:fir_sapling":1,"undead_revamp2:bostroxset_boots":1,"artifacts:power_glove":1,"minecraft:iron_nugget":3,"minecraft:golden_chestplate":2,"minecraft:detector_rail":3,"alexsmobs:animal_dictionary":2,"minecraft:cobbled_deepslate":39,"minecraft:nether_brick":2,"minecraft:wheat":8,"minecraft:rotten_flesh":101,"minecraft:oak_planks":61,"minecraft:golden_shovel":1,"scguns:raw_anthralite":6,"minecraft:lime_bed":1,"minecraft:tipped_arrow":13,"minecraft:brick_stairs":20,"bountifulbaubles:mossy_belt":1,"born_in_chaos_v1:fangofthe_hound_leader":1,"minecraft:quartz_block":6,"apotheosis:gem":9,"minecraft:ladder":2,"minecraft:leather_leggings":1,"minecraft:spruce_slab":4,"minecraft:red_nether_bricks":2,"minecraft:stone_brick_stairs":6,"iceandfire:manuscript":5,"reliquary:zombie_heart":2,"minecraft:egg":3,"minecraft:enchanted_book":6,"minecraft:iron_ingot":26,"minecraft:wheat_seeds":66,"simplyswords:diamond_chakram":1,"scguns:sulfur_chunk":3,"bountifulbaubles:bezoar":4,"minecraft:feather":4,"minecraft:iron_helmet":4,"minecraft:cobblestone":491,"minecraft:book":3,"minecraft:apple":3,"minecraft:granite":20,"minecraft:chainmail_helmet":1,"spartanshields:iron_basic_shield":3,"minecraft:coal":8,"minecraft:coal_block":1,"minecraft:cobweb":1,"born_in_chaos_v1:gnawed_bones":2,"minecraft:wooden_hoe":2,"minecraft:potion":3,"minecraft:dead_bush":1,"minecraft:oak_stairs":3,"minecraft:mossy_cobblestone_stairs":2,"minecraft:iron_shovel":3,"minecraft:chainmail_leggings":1,"minecraft:paper":2,"minecraft:string":89,"reliquary:rib_bone":1,"minecraft:spruce_sapling":8,"roughtweaks:bandage":3,"minecraft:stone_sword":1,"minecraft:bowl":3,"spartanweaponry:iron_halberd":3,"irons_spellbooks:uncommon_ink":1,"born_in_chaos_v1:rotten_fish":1,"minecraft:iron_boots":8,"minecraft:light_gray_concrete":16,"scalinghealth:power_crystal_shard":8,"minecraft:nether_bricks":25,"minecraft:oak_sign":2,"minecraft:pumpkin_seeds":2,"minecraft:lily_of_the_valley":1,"gobber2:gobber2_globette":2,"minecraft:diamond_sword":3,"minecraft:polished_granite_stairs":2,"minecraft:stone":25,"bountifulbaubles:phylactery_charm":1,"minecraft:spruce_planks":26,"bountifulbaubles:fire_mind":1,"artifacts:antidote_vessel":1,"minecraft:stone_pressure_plate":1,"minecraft:spider_eye":3,"minecraft:stone_bricks":10,"minecraft:bow":13,"sophisticatedbackpacks:copper_backpack":1,"minecraft:magma_block":2,"minecraft:soul_sand":2,"minecraft:brown_mushroom":1,"minecraft:diamond_axe":3,"minecraft:oak_log":3,"minecraft:baked_potato":9,"minecraft:golden_pickaxe":1,"minecraft:lantern":2,"minecraft:chest_minecart":1,"minecraft:leather":1,"scguns:ancient_brass":9,"alexsmobs:bison_fur":1,"iceandfire:graveyard_soil":4,"minecraft:flint":5,"minecraft:spruce_leaves":7,"dungeons_and_combat:cursed_soul":1,"minecraft:polished_diorite_stairs":2,"born_in_chaos_v1:monster_skin":6,"minecraft:cornflower":1,"minecraft:mutton":6,"minecraft:snowball":96,"bountifulbaubles:tha_wizard":2,"celestial_core:virtual_gold_nugget":10,"scguns:small_copper_casing":15,"minecraft:gold_ingot":6,"minecraft:gravel":5,"bountifulbaubles:ring_overclocking":2,"bloomingnature:swamp_oak_planks":6,"born_in_chaos_v1:fire_dust":4,"bountifulbaubles:potion_recall":11,"born_in_chaos_v1:ethereal_spirit":3,"minecraft:diorite_stairs":1,"scguns:hardened_pebbles":2,"minecraft:fern":4,"spartanweaponry:iron_longbow":1,"patchouli:guide_book":3,"minecraft:chainmail_chestplate":6,"scguns:anthralite_nugget":4,"minecraft:sandstone_wall":1,"minecraft:poppy":2,"minecraft:leather_chestplate":1,"minecraft:trident":2,"minecraft:gunpowder":7,"artifacts:helium_flamingo":1,"scguns:honey_sulfur_poultice":7,"minecraft:skeleton_skull":1,"minecraft:stone_brick_wall":2,"undead_revamp2:devilurchin":2,"born_in_chaos_v1:corpse_maggot":28,"minecraft:chainmail_boots":8,"born_in_chaos_v1:diamond_termite_shard":5,"doggytalents:rice_grains":31,"traveloptics:aqua_echo":1,"minecraft:iron_bars":18,"minecraft:arrow":18,"bloomingnature:bluebell":4,"minecraft:splash_potion":1,"minecraft:netherrack":1,"minecraft:enchanting_table":1,"scguns:treated_brass_blueprint":1,"born_in_chaos_v1:dark_rod":5,"minecraft:bread":33,"minecraft:oak_slab":2,"celestial_core:treasure_fragment":1,"bloomingnature:foxglove_white":2,"minecraft:golden_helmet":4,"reliquary:mob_charm_fragment":1,"minecraft:mossy_cobblestone":19,"minecraft:diamond_leggings":2,"bountifulbaubles:spectral_silt":1,"scguns:powder_and_ball":41,"minecraft:golden_axe":1,"scalinghealth:heart_crystal_shard":12,"dungeons_and_combat:rotten_hammer":1,"too_many_bows:power_crystal":1,"minecraft:amethyst_block":2,"spartanweaponry:stone_longsword":1,"minecraft:copper_ingot":1,"iceandfire:cyclops_eye":1,"scguns:phosphorite":4,"legendary_monsters:cloud_rod":1,"minecraft:stick":9,"irons_spellbooks:scroll":2,"minecraft:diorite":20,"bloomingnature:swamp_oak_log":5,"minecraft:torch":1,"minecraft:leather_horse_armor":1,"spartanweaponry:iron_battleaxe":1,"minecraft:smooth_quartz":15,"born_in_chaos_v1:fused_bone":2,"minecraft:iron_door":1,"minecraft:zombie_head":1,"minecraft:fire_charge":2,"spartanweaponry:iron_greatsword":1,"minecraft:iron_leggings":11,"minecraft:iron_axe":3,"minecraft:granite_stairs":2,"spartanfire:flamed_dragon_bone_rapier":1,"irons_spellbooks:frozen_bone":56,"minecraft:dandelion":1,"iceandfire:dragonbone":7,"minecraft:redstone":13,"spartanweaponry:iron_battle_hammer":1,"minecraft:polished_diorite":12,"simplyswords:thunderbrand":1,"alexsmobs:maggot":6,"minecraft:sweet_berries":3,"minecraft:chiseled_quartz_block":5,"firstaid:morphine":1,"minecraft:raw_iron":22,"minecraft:iron_hoe":2,"xtraarrows:bat_skin":3,"minecraft:oak_button":3,"simplyswords:gold_katana":2,"trinketsandbaubles:glowing_powder":1,"minecraft:iron_chestplate":6,"minecraft:andesite":47,"minecraft:quartz_stairs":1,"minecraft:mossy_stone_bricks":32,"minecraft:oak_sapling":2,"traveloptics:ender_echo":3,"simplyswords:iron_spear":1,"bloomingnature:fir_button":1,"minecraft:stone_pickaxe":1,"minecraft:wooden_pickaxe":3,"minecraft:brick":4},"minecraft:picked_up":{"bountifulbaubles:luck_coin":1,"minecraft:iron_chestplate":8,"minecraft:chainmail_boots":6,"minecraft:flower_pot":1,"minecraft:anvil":2,"bountifulbaubles:golden_skull":1,"minecraft:diamond_sword":4,"bountifulbaubles:mossy_belt":1,"minecraft:oak_stairs":4,"minecraft:brown_bed":3,"minecraft:enchanted_book":1,"minecraft:golden_shovel":1,"minecraft:amethyst_block":6,"minecraft:string":31,"iceandfire:manuscript":5,"scguns:raw_anthralite":6,"scguns:treated_brass_blueprint":1,"iceandfire:dragonbone_pickaxe":1,"minecraft:red_nether_bricks":5,"bountifulbaubles:ring_overclocking":4,"minecraft:diamond_leggings":2,"minecraft:gold_nugget":28,"minecraft:cobbled_deepslate":222,"minecraft:spruce_planks":16,"celestisynth:lunar_stone":1,"dungeons_and_combat:estus_flask":2,"minecraft:coal_block":2,"minecraft:golden_helmet":4,"dungeons_and_combat:cursed_soul":1,"minecraft:sandstone_wall":1,"minecraft:golden_chestplate":1,"bountifulbaubles:magic_mirror":1,"undead_revamp2:devilurchin":2,"minecraft:iron_block":1,"minecraft:iron_bars":29,"minecraft:snowball":112,"simplyswords:thunderbrand":2,"minecraft:birch_log":7,"minecraft:magma_block":3,"minecraft:cooked_beef":18,"minecraft:iron_door":1,"spartanshields:iron_basic_shield":2,"alexsmobs:bison_fur":1,"bloomingnature:fir_sapling":2,"legendary_monsters:cloud_rod":3,"minecraft:lantern":6,"spartanweaponry:iron_greatsword":1,"gobber2:gobber2_globette":2,"artifacts:antidote_vessel":1,"minecraft:diamond_helmet":2,"simplyswords:gold_katana":1,"patchouli:guide_book":2,"iceandfire:dragon_skull_fire":4,"celestial_core:treasure_fragment":1,"alexsmobs:animal_dictionary":1,"roughtweaks:bandage":9,"roughtweaks:salve":5,"minecraft:iron_hoe":2,"bountifulbaubles:bezoar":5,"minecraft:granite":23,"simplyswords:diamond_chakram":1,"minecraft:chainmail_helmet":1,"minecraft:bread":36,"alexsmobs:maggot":6,"born_in_chaos_v1:rotten_fish":1,"minecraft:light_gray_carpet":2,"minecraft:bricks":3,"minecraft:spruce_leaves":62,"sophisticatedbackpacks:gold_backpack":1,"minecraft:crafting_table":4,"iceandfire:witherbone":3,"minecraft:golden_pickaxe":1,"minecraft:leather_leggings":2,"minecraft:cornflower":1,"artifacts:power_glove":1,"minecraft:white_carpet":6,"minecraft:iron_shovel":4,"iceandfire:graveyard_soil":4,"minecraft:cracked_stone_bricks":16,"born_in_chaos_v1:gnawed_bones":3,"minecraft:poppy":2,"scguns:ancient_brass":9,"minecraft:spruce_slab":4,"minecraft:quartz_stairs":1,"minecraft:chest":1,"minecraft:stone":133,"bloomingnature:fir_log":7,"reliquary:rib_bone":1,"sophisticatedbackpacks:backpack":1,"born_in_chaos_v1:pieceofdarkmetal":6,"minecraft:redstone":12,"iceandfire:dragon_skull_ice":1,"minecraft:polished_granite_stairs":9,"bountifulbaubles:potion_recall":2,"scguns:grenade":1,"minecraft:diamond_boots":1,"minecraft:hay_block":35,"minecraft:gold_ingot":10,"sophisticatedbackpacks:copper_backpack":1,"firstaid:bandage":16,"spartanfire:flamed_dragon_bone_rapier":6,"minecraft:mutton":11,"minecraft:white_wool":22,"minecraft:rail":4,"minecraft:stripped_oak_log":16,"minecraft:lime_bed":2,"born_in_chaos_v1:monster_flesh":8,"minecraft:fern":4,"doggytalents:rice_grains":37,"scguns:phosphorite":20,"minecraft:oak_log":90,"scalinghealth:bandages":5,"traveloptics:ender_echo":2,"minecraft:diorite_stairs":2,"dungeons_and_combat:titan_boots":1,"minecraft:spawner":2,"minecraft:apple":3,"minecraft:stone_bricks":27,"scalinghealth:power_crystal_shard":17,"minecraft:glass_bottle":8,"minecraft:iron_sword":4,"minecraft:dark_oak_stairs":1,"minecraft:smooth_basalt":3,"minecraft:dark_oak_slab":1,"minecraft:sweet_berries":40,"born_in_chaos_v1:ethereal_spirit":3,"minecraft:gravel":10,"minecraft:spruce_sapling":12,"born_in_chaos_v1:fangofthe_hound_leader":1,"minecraft:spruce_log":134,"spartanweaponry:iron_battle_hammer":2,"minecraft:polished_diorite":57,"bloomingnature:fir_planks":1,"minecraft:diamond_axe":3,"minecraft:oak_button":2,"minecraft:baked_potato":5,"minecraft:ender_pearl":4,"irons_spellbooks:scroll":1,"minecraft:wheat":8,"minecraft:potion":1,"xtraarrows:bat_skin":3,"minecraft:nether_brick":2,"minecraft:stone_brick_stairs":7,"bountifulbaubles:tha_wizard":1,"born_in_chaos_v1:black_argillite":13,"minecraft:iron_leggings":12,"minecraft:zombie_head":1,"minecraft:oak_sign":4,"irons_spellbooks:arcane_essence":1,"scguns:hardened_pebbles":2,"reliquary:zombie_heart":2,"minecraft:calcite":3,"minecraft:smooth_quartz":18,"minecraft:iron_pickaxe":3,"minecraft:iron_boots":8,"minecraft:furnace":2,"minecraft:tipped_arrow":30,"minecraft:stick":26,"iceandfire:ghost_chest":1,"apotheosis:gem":11,"roughtweaks:plaster":1,"dungeons_and_combat:rotten_hammer":1,"minecraft:oak_fence":4,"minecraft:torch":73,"minecraft:porkchop":3,"minecraft:diorite":46,"minecraft:quartz_block":8,"minecraft:rotten_flesh":119,"reliquary:mob_charm_fragment":1,"minecraft:cobblestone":875,"minecraft:enchanting_table":3,"minecraft:leather_chestplate":1,"dungeons_and_combat:cobblestone_brick_wall":4,"minecraft:andesite":57,"minecraft:chiseled_quartz_block":5,"undead_revamp2:huntereye":1,"minecraft:lapis_lazuli":13,"minecraft:dirt":166,"minecraft:polished_granite":1,"born_in_chaos_v1:monster_skin":6,"minecraft:leather_boots":1,"minecraft:bone":150,"bloomingnature:bluebell":4,"minecraft:bow":13,"minecraft:wheat_seeds":75,"minecraft:mossy_stone_bricks":36,"scguns:sulfur_chunk":3,"minecraft:oak_planks":70,"minecraft:mossy_stone_brick_stairs":5,"firstaid:plaster":4,"irons_spellbooks:frozen_bone":80,"minecraft:nether_brick_stairs":5,"minecraft:dead_bush":1,"minecraft:lily_of_the_valley":2,"iceandfire:frozen_dirt":1,"minecraft:mossy_cobblestone":32,"minecraft:dark_prismarine":8,"minecraft:light_gray_concrete":16,"born_in_chaos_v1:fire_dust":6,"minecraft:diamond":15,"minecraft:spruce_boat":1,"iceandfire:fire_dragon_blood":3,"bloomingnature:swamp_oak_log":32,"minecraft:bone_meal":1,"minecraft:golden_apple":4,"minecraft:oak_sapling":3,"minecraft:netherrack":12,"undead_revamp2:bostroxingot":3,"dungeons_and_combat:mimic_eye":1,"born_in_chaos_v1:diamond_termite_shard":5,"minecraft:ladder":2,"minecraft:chest_minecart":1,"minecraft:brown_mushroom":3,"scguns:honey_sulfur_poultice":8,"minecraft:wooden_pickaxe":1,"minecraft:stone_brick_wall":2,"minecraft:diorite_slab":1,"minecraft:gold_block":1,"scguns:makeshift_rifle":1,"minecraft:brick":4,"minecraft:iron_axe":2,"minecraft:cyan_carpet":1,"minecraft:detector_rail":3,"minecraft:dark_prismarine_stairs":1,"minecraft:sugar_cane":7,"minecraft:raw_iron":189,"iceandfire:dragonbone":14,"minecraft:copper_ingot":1,"trinketsandbaubles:glowing_powder":1,"minecraft:stone_button":9,"minecraft:cookie":5,"minecraft:trident":1,"minecraft:stone_pressure_plate":1,"bloomingnature:larch_log":4,"spartanweaponry:iron_halberd":2,"minecraft:arrow":109,"iceandfire:cyclops_eye":1,"minecraft:nether_bricks":68,"minecraft:brick_stairs":33,"too_many_bows:power_crystal":1,"minecraft:skeleton_skull":1,"born_in_chaos_v1:fused_bone":2,"undead_revamp2:bostroxset_boots":1,"born_in_chaos_v1:corpse_maggot":31,"scguns:standard_copper_round":2,"minecraft:air":0,"minecraft:leather":1,"bloomingnature:swamp_oak_planks":10,"minecraft:granite_stairs":7,"minecraft:chainmail_chestplate":7,"iceandfire:ectoplasm":8,"minecraft:yellow_bed":10,"minecraft:nether_wart_block":3,"minecraft:gunpowder":7,"scalinghealth:heart_crystal":11,"scguns:anthralite_nugget":7,"bountifulbaubles:treasure_bag":3,"scguns:powder_and_ball":64,"bloomingnature:foxglove_white":2,"bloomingnature:swamp_oak_sapling":1,"minecraft:iron_ingot":18,"minecraft:cooked_chicken":4,"minecraft:soul_sand":8,"minecraft:book":117,"minecraft:oak_slab":2,"scalinghealth:heart_crystal_shard":21,"minecraft:pitcher_plant":1,"iceandfire:ash":2,"minecraft:dandelion":1,"born_in_chaos_v1:dark_rod":6,"minecraft:amethyst_shard":8,"minecraft:blast_furnace":1,"minecraft:white_bed":7,"bountifulbaubles:potion_wormhole":5,"minecraft:spruce_door":1,"minecraft:spider_eye":3,"minecraft:polished_diorite_stairs":5,"minecraft:pumpkin_seeds":2,"dungeons_and_combat:bone_planks":1,"minecraft:chainmail_leggings":1,"minecraft:iron_helmet":5,"minecraft:mossy_cobblestone_stairs":3,"iceandfire:chared_gravel":2,"celestial_core:virtual_gold_nugget":12,"minecraft:coal":36},"minecraft:used":{"too_many_bows:aethers_call":1,"minecraft:polished_granite_stairs":5,"minecraft:chest":3,"minecraft:stone":68,"minecraft:rotten_flesh":1,"minecraft:soul_sand":5,"minecraft:snowball":16,"minecraft:spruce_boat":7,"minecraft:lava_bucket":23,"minecraft:quartz_block":2,"minecraft:bow":34,"minecraft:sweet_berries":34,"minecraft:oak_sapling":1,"minecraft:furnace":3,"minecraft:dark_prismarine_stairs":1,"minecraft:mossy_stone_bricks":18,"minecraft:diorite":5,"minecraft:leather_leggings":1,"bloomingnature:fir_planks":9,"minecraft:wooden_pickaxe":23,"minecraft:mossy_stone_brick_stairs":1,"minecraft:golden_apple":14,"minecraft:blast_furnace":1,"scalinghealth:cursed_heart":1,"simplyswords:iron_halberd":237,"scguns:grenade":1,"scalinghealth:enchanted_heart":1,"minecraft:polished_granite":1,"minecraft:diamond_sword":360,"minecraft:nether_wart_block":2,"minecraft:coal_block":1,"simplyswords:iron_glaive":8,"minecraft:oak_boat":2,"minecraft:diorite_slab":1,"minecraft:diorite_stairs":1,"minecraft:enchanting_table":1,"minecraft:iron_bars":3,"minecraft:stone_sword":87,"minecraft:netherrack":6,"minecraft:torch":107,"minecraft:anvil":2,"minecraft:chainmail_chestplate":1,"bloomingnature:fir_sapling":1,"minecraft:nether_brick_stairs":4,"minecraft:polished_diorite":27,"minecraft:mossy_cobblestone_stairs":1,"minecraft:iron_axe":87,"minecraft:brick_stairs":12,"minecraft:spawner":2,"minecraft:smooth_basalt":1,"minecraft:cobbled_deepslate":246,"minecraft:water_bucket":52,"undead_revamp2:bostroxset_boots":2,"dungeons_and_combat:bronze_war_hammer":68,"minecraft:cracked_stone_bricks":4,"minecraft:mossy_cobblestone":15,"minecraft:crafting_table":26,"minecraft:white_bed":7,"minecraft:spruce_log":3,"minecraft:oak_log":1,"minecraft:dark_prismarine":8,"minecraft:diamond_shovel":157,"minecraft:oak_button":1,"minecraft:iron_pickaxe":1626,"minecraft:spruce_sapling":4,"minecraft:cobblestone":382,"minecraft:potion":18,"minecraft:stripped_oak_log":1,"minecraft:diamond_leggings":1,"spartanweaponry:stone_longsword":17,"simplyswords:thunderbrand":17,"minecraft:iron_chestplate":1,"minecraft:spruce_leaves":55,"minecraft:mutton":4,"minecraft:nether_bricks":91,"dungeons_and_combat:bone_planks":1,"minecraft:obsidian":1,"minecraft:bricks":1,"minecraft:lantern":4,"born_in_chaos_v1:gnawed_bones":1,"minecraft:stone_bricks":6,"bloomingnature:larch_planks":8,"minecraft:magma_block":1,"spartanshields:iron_basic_shield":58,"minecraft:polished_diorite_stairs":3,"simplyswords:iron_spear":9,"minecraft:stone_pickaxe":127,"minecraft:oak_planks":94,"minecraft:ender_pearl":10,"minecraft:diamond_axe":320,"minecraft:white_wool":13,"minecraft:shears":78,"spartanfire:flamed_dragon_bone_rapier":814,"bloomingnature:swamp_oak_sapling":1,"spartanshields:stone_basic_shield":24,"minecraft:bread":65,"minecraft:gravel":5,"simplyswords:diamond_chakram":134,"iceandfire:dragon_skull_fire":2,"minecraft:air":1,"minecraft:golden_pickaxe":5,"minecraft:experience_bottle":1,"minecraft:oak_fence":4,"dungeons_and_combat:estus_flask":2,"minecraft:granite_stairs":5,"minecraft:flint_and_steel":26,"minecraft:spruce_planks":146,"minecraft:cooked_chicken":4,"minecraft:dirt":67,"scalinghealth:heart_crystal":14,"dungeons_and_combat:heavy_hammer":3,"minecraft:white_carpet":2,"minecraft:diamond_helmet":2,"minecraft:golden_chestplate":1,"minecraft:granite":3,"spartanweaponry:iron_longbow":57,"minecraft:oak_stairs":1,"minecraft:iron_boots":5,"scalinghealth:power_crystal":1,"minecraft:pitcher_plant":1,"scalinghealth:bandages":7,"minecraft:cooked_beef":7,"iceandfire:dragonbone_pickaxe":124,"minecraft:brown_bed":3,"minecraft:iron_leggings":1,"minecraft:amethyst_block":4,"minecraft:glass_bottle":17,"minecraft:red_nether_bricks":2,"minecraft:brown_mushroom":1,"scguns:phosphorite":11,"minecraft:lime_bed":1,"simplyswords:iron_twinblade":33,"celestisynth:lunar_stone":1,"minecraft:wooden_hoe":55,"iceandfire:ash":2,"dungeons_and_combat:rotten_hammer":2,"minecraft:stone_axe":11,"dungeons_and_combat:cobblestone_brick_wall":2,"iceandfire:chared_gravel":2,"minecraft:bucket":75,"minecraft:yellow_bed":9,"minecraft:chainmail_leggings":1}},"DataVersion":3465}