{"stats":{"minecraft:custom":{"minecraft:interact_with_crafting_table":49,"minecraft:open_barrel":55,"goblintraders:trade_with_goblin":16,"minecraft:eat_cake_slice":6,"minecraft:leave_game":14,"minecraft:time_since_death":13848,"minecraft:damage_resisted":1997,"minecraft:sprint_one_cm":2694606,"minecraft:damage_blocked_by_shield":2136,"minecraft:drop":158,"minecraft:talked_to_villager":14,"minecraft:play_time":717453,"minecraft:deaths":22,"minecraft:jump":8173,"minecraft:interact_with_brewingstand":1,"minecraft:walk_on_water_one_cm":47122,"minecraft:enchant_item":9,"minecraft:interact_with_furnace":42,"minecraft:interact_with_loom":1,"minecraft:sleep_in_bed":29,"minecraft:damage_dealt":86096,"minecraft:crouch_one_cm":14654,"waystones:waystone_activated":5,"minecraft:interact_with_smoker":12,"minecraft:horse_one_cm":17973,"minecraft:interact_with_anvil":3,"minecraft:mob_kills":285,"minecraft:damage_dealt_resisted":2639,"minecraft:climb_one_cm":61483,"minecraft:walk_one_cm":1696017,"minecraft:damage_dealt_absorbed":40,"minecraft:sneak_time":6410,"minecraft:walk_under_water_one_cm":9018,"minecraft:boat_one_cm":167011,"minecraft:interact_with_blast_furnace":6,"minecraft:total_world_time":717453,"minecraft:time_since_rest":13878,"minecraft:damage_taken":32397,"minecraft:trigger_trapped_chest":3,"minecraft:swim_one_cm":45620,"minecraft:fly_one_cm":1495469,"minecraft:open_chest":660,"minecraft:fall_one_cm":1262708},"minecraft:killed_by":{"minecraft:zombie":6},"minecraft:crafted":{"minecraft:oak_planks":6,"toolbelt:pouch":2,"sophisticatedbackpacks:magnet_upgrade":1,"toughasnails:empty_iron_canteen":1,"minecraft:iron_boots":2,"uncraftingtable76:uncraftingtable":1,"sophisticatedbackpacks:backpack":1,"minecraft:crafting_table":7,"minecraft:spruce_planks":16,"minecraft:wooden_pickaxe":1,"minecraft:sticky_piston":1,"minecraft:gold_block":8,"sophisticatedbackpacks:upgrade_base":2,"minecraft:stick":7,"minecraft:iron_ingot":224,"minecraft:iron_block":8,"minecraft:gold_ingot":8,"minecraft:coal":1,"toolbelt:belt":1,"minecraft:raw_iron":2,"sophisticatedbackpacks:stack_upgrade_tier_1":1,"minecraft:stone_pickaxe":1,"sophisticatedbackpacks:stack_upgrade_tier_2":1,"minecraft:spruce_boat":1,"sophisticatedbackpacks:iron_backpack":2,"sophisticatedbackpacks:gold_backpack":2,"iceandfire:dragonbone_pickaxe":1,"minecraft:air":454,"sophisticatedbackpacks:pickup_upgrade":1,"minecraft:torch":77},"minecraft:mined":{"minecraft:spruce_planks":1,"irons_spellbooks:armor_pile":1,"minecraft:grass_block":6,"gobber2:gobber2_ore_deepslate":6,"minecraft:coal_block":17,"minecraft:polished_diorite":15,"minecraft:spawner":93,"minecraft:smooth_stone":1,"minecraft:raw_iron_block":2,"minecraft:magma_block":1,"gobber2:gobber2_ore":6,"iceandfire_curios:fire_step_trail":9,"minecraft:mossy_cobblestone_stairs":3,"minecraft:iron_ore":118,"minecraft:cobbled_deepslate":6,"minecraft:fire":4,"minecraft:anvil":1,"minecraft:nether_brick_stairs":12,"minecraft:iron_bars":36,"scguns:phosphorite":1,"bloomingnature:mossgrass":16,"minecraft:iron_block":4,"undead_revamp2:inducerstoneinactive":2,"minecraft:quartz_block":42,"minecraft:medium_amethyst_bud":1,"minecraft:powder_snow":2,"minecraft:clay":1,"minecraft:torch":37,"minecraft:cobblestone":9,"minecraft:oak_planks":4,"minecraft:wall_torch":4,"born_in_chaos_v1:fired_black_argillite":2,"minecraft:tnt":2,"minecraft:black_bed":5,"minecraft:stone_brick_stairs":2,"minecraft:smooth_stone_slab":1,"minecraft:grass":8,"minecraft:sand":6,"minecraft:dirt":6,"minecraft:piston":1,"scguns:sulfur_ore":3,"minecraft:tuff":1,"undead_revamp2:inducerstone":2,"minecraft:mossy_cobblestone":14,"minecraft:nether_bricks":16,"born_in_chaos_v1:black_argillite":1,"minecraft:brick_stairs":1,"uncraftingtable76:uncraftingtable":1,"minecraft:spruce_leaves":42,"minecraft:rooted_dirt":1,"scguns:rich_phosphorite":1,"minecraft:large_fern":12,"minecraft:packed_mud":1,"minecraft:andesite":1,"minecraft:gold_block":4,"minecraft:mossy_stone_brick_stairs":3,"minecraft:bookshelf":1,"minecraft:deepslate_iron_ore":26,"minecraft:vine":64,"bloomingnature:larch_leaves":4,"dungeons_and_combat:cobblestone_brick_slab":9,"minecraft:stone":14,"minecraft:redstone_block":7,"minecraft:soul_sand":1,"minecraft:stone_brick_slab":1,"dungeons_and_combat:silver_ore":1,"minecraft:emerald_ore":1,"minecraft:andesite_slab":1,"minecraft:tall_grass":6,"dungeons_and_combat:desolate_dirt":1,"minecraft:deepslate_gold_ore":10,"minecraft:lime_bed":2,"minecraft:brick_slab":1,"minecraft:sweet_berry_bush":16,"minecraft:spruce_log":7,"scguns:deepslate_anthralite_ore":3,"minecraft:gravel":1,"minecraft:cobweb":56,"minecraft:cracked_stone_bricks":7,"minecraft:stone_bricks":11,"minecraft:gold_ore":6,"minecraft:mossy_stone_bricks":6,"scguns:anthralite_ore":32,"minecraft:fern":5},"minecraft:picked_up":{"irons_spellbooks:scroll":1,"minecraft:iron_chestplate":2,"minecraft:redstone_block":7,"minecraft:chainmail_boots":3,"minecraft:lead":1,"minecraft:diamond_sword":4,"minecraft:potion":11,"minecraft:stone_brick_stairs":2,"minecraft:music_disc_cat":1,"scguns:raw_anthralite":35,"minecraft:string":88,"minecraft:smooth_stone_slab":1,"minecraft:iron_leggings":5,"minecraft:zombie_head":1,"irons_spellbooks:arcane_essence":3,"minecraft:diamond_leggings":1,"minecraft:gold_nugget":11,"minecraft:cobbled_deepslate":6,"minecraft:smooth_stone":1,"reliquary:zombie_heart":1,"minecraft:spruce_planks":9,"dungeons_and_combat:cobblestone_brick_slab":6,"dungeons_and_combat:estus_flask":3,"minecraft:iron_pickaxe":3,"minecraft:coal_block":16,"minecraft:iron_boots":3,"minecraft:tipped_arrow":10,"minecraft:stick":5,"apotheosis:gem":7,"roughtweaks:plaster":1,"minecraft:torch":64,"dungeons_and_combat:cursed_soul":1,"uncraftingtable76:uncraftingtable":1,"minecraft:porkchop":3,"minecraft:diorite":2,"born_in_chaos_v1:nightmare_claw":1,"irons_spellbooks:fire_rune":1,"traveloptics:blood_echo":1,"minecraft:quartz_block":12,"minecraft:rotten_flesh":133,"minecraft:iron_block":4,"dungeons_and_combat:broken_shield":3,"dungeons_and_combat:saw_cleaver_sickle":1,"reliquary:mob_charm_fragment":2,"minecraft:iron_bars":41,"minecraft:snowball":20,"simplyswords:thunderbrand":3,"minecraft:cobblestone":21,"minecraft:leather_chestplate":2,"sophisticatedbackpacks:anvil_upgrade":3,"minecraft:feather":12,"minecraft:cooked_beef":11,"born_in_chaos_v1:spiritual_dust":2,"minecraft:andesite":1,"minecraft:black_bed":5,"minecraft:golden_leggings":4,"minecraft:flint":1,"minecraft:tuff":1,"bloomingnature:fir_sapling":1,"minecraft:lapis_lazuli":13,"minecraft:dirt":11,"reliquary:nebulous_heart":1,"artifacts:shock_pendant":1,"born_in_chaos_v1:monster_skin":3,"minecraft:leather_boots":2,"minecraft:bone":168,"minecraft:bow":8,"minecraft:wheat_seeds":4,"minecraft:raw_gold":37,"gobber2:gobber2_globette":12,"minecraft:mossy_stone_bricks":8,"minecraft:diamond_helmet":1,"scguns:sulfur_chunk":5,"traveloptics:lightning_echo":1,"simplyswords:gold_katana":1,"minecraft:oak_planks":67,"minecraft:mossy_stone_brick_stairs":2,"irons_spellbooks:fireward_ring":1,"irons_spellbooks:frozen_bone":36,"minecraft:sand":6,"minecraft:nether_brick_stairs":5,"minecraft:dead_bush":1,"minecraft:mossy_cobblestone":10,"alexsmobs:animal_dictionary":1,"roughtweaks:salve":2,"roughtweaks:bandage":2,"minecraft:deepslate":1,"bountifulbaubles:bezoar":1,"minecraft:golden_apple":3,"minecraft:emerald":1,"minecraft:chainmail_helmet":2,"scalinghealth:cursed_heart":2,"minecraft:rooted_dirt":2,"born_in_chaos_v1:rotten_fish":1,"irons_spellbooks:uncommon_ink":1,"minecraft:andesite_slab":1,"minecraft:bricks":1,"minecraft:coarse_dirt":1,"iceandfire:witherbone":4,"artifacts:night_vision_goggles":1,"minecraft:chicken":3,"born_in_chaos_v1:seedof_chaos":1,"scguns:honey_sulfur_poultice":2,"minecraft:wooden_pickaxe":1,"scguns:raw_phosphor":2,"minecraft:diorite_slab":1,"minecraft:gold_block":4,"scguns:makeshift_rifle":1,"minecraft:brick":9,"minecraft:shield":3,"minecraft:iron_axe":1,"minecraft:netherite_scrap":1,"born_in_chaos_v1:intoxicating_decoction":4,"minecraft:item_frame":1,"minecraft:iron_shovel":4,"reliquary:chelicerae":1,"minecraft:cracked_stone_bricks":37,"simplyswords:runic_tablet":1,"minecraft:beef":50,"alshanex_familiars:spider_fang":2,"scguns:ancient_brass":6,"minecraft:iron_nugget":21,"minecraft:sugar_cane":5,"minecraft:piston":1,"minecraft:egg":1,"thalassophobia:raw_fish_meat":1,"minecraft:raw_iron":139,"iceandfire:dragonbone":16,"minecraft:stone":2,"scguns:anthralite_leggings":1,"reliquary:rib_bone":7,"minecraft:copper_ingot":2,"minecraft:bowl":1,"sophisticatedbackpacks:backpack":1,"simplyswords:iron_halberd":3,"minecraft:stone_button":1,"iceandfire:dragon_skull_ice":1,"minecraft:tnt":2,"bountifulbaubles:potion_recall":1,"minecraft:arrow":137,"iceandfire:cyclops_eye":1,"minecraft:nether_bricks":9,"minecraft:gold_ingot":1,"firstaid:bandage":1,"minecraft:brick_stairs":1,"minecraft:skeleton_skull":1,"born_in_chaos_v1:corpse_maggot":17,"minecraft:lime_bed":2,"scguns:standard_copper_round":2,"minecraft:air":0,"born_in_chaos_v1:monster_flesh":5,"minecraft:leather":24,"doggytalents:rice_grains":4,"scguns:phosphorite":1,"minecraft:granite_stairs":2,"minecraft:oak_log":4,"minecraft:chainmail_chestplate":2,"scalinghealth:bandages":9,"minecraft:gunpowder":20,"scalinghealth:heart_crystal":6,"scalinghealth:medkit":3,"scguns:anthralite_nugget":8,"scguns:powder_and_ball":4,"minecraft:stone_bricks":7,"minecraft:iron_ingot":9,"minecraft:cooked_chicken":7,"relics:infinity_ham":4,"minecraft:glass_bottle":12,"irons_spellbooks:cinder_essence":1,"minecraft:iron_sword":2,"minecraft:soul_sand":1,"minecraft:book":3,"minecraft:sweet_berries":30,"minecraft:stone_brick_slab":1,"born_in_chaos_v1:ethereal_spirit":2,"minecraft:raw_iron_block":2,"born_in_chaos_v1:dark_rod":3,"minecraft:amethyst_shard":2,"minecraft:spruce_sapling":6,"minecraft:spruce_log":7,"bountifulbaubles:potion_wormhole":1,"artifacts:scarf_of_invisibility":1,"minecraft:spider_eye":11,"minecraft:leather_helmet":2,"minecraft:brick_slab":1,"minecraft:pumpkin_seeds":4,"minecraft:slime_ball":2,"minecraft:polished_diorite":7,"minecraft:stone_axe":1,"minecraft:chainmail_leggings":1,"treasure2:gold_coin":8,"dungeons_and_combat:broken_sword":1,"minecraft:mossy_cobblestone_stairs":1,"simplyswords:iron_chakram":1,"celestial_core:virtual_gold_nugget":1},"minecraft:killed":{"born_in_chaos_v1:zombie_clown":1,"minecraft:cave_spider":4,"thalassophobia:vertebrat":1,"born_in_chaos_v1:seared_spirit":1,"minecraft:spider":7,"undead_revamp2:axestrom":1,"born_in_chaos_v1:siamese_skeletonsright":1,"minecraft:skeleton":55,"scguns:supply_scamp":1,"scguns:cog_knight":3,"minecraft:chicken":5,"minecraft:silverfish":9,"undead_revamp2:therod":1,"minecraft:skeleton_horse":1,"born_in_chaos_v1:bonescaller":1,"minecraft:pig":1,"celestisynth:star_monolith":1,"minecraft:zombie_villager":1,"undead_revamp2:thebeartamer":1,"minecraft:creeper":1,"undead_revamp2:theordure":1,"minecraft:pillager":2,"minecraft:zombie":71,"born_in_chaos_v1:dread_hound":1,"born_in_chaos_v1:corpse_fly":8,"minecraft:stray":29,"undead_revamp2:theskeeper":1,"born_in_chaos_v1:siamese_skeletonsleft":1,"minecraft:cow":13,"undead_revamp2:thehunter":1,"alexsmobs:raccoon":1,"minecraft:vindicator":1,"born_in_chaos_v1:zombie_bruiser":2,"born_in_chaos_v1:maggot":14,"minecraft:phantom":11,"born_in_chaos_v1:baby_spider":1,"minecraft:horse":4,"undead_revamp2:sucker":1,"dungeons_and_combat:ghoul":1,"irons_spellbooks:citadel_keeper":1,"born_in_chaos_v1:decrepit_skeleton":3,"born_in_chaos_v1:dark_vortex":1,"born_in_chaos_v1:nightmare_stalker":1,"minecraft:wither_skeleton":8,"scguns:dissident":1,"minecraft:enderman":2},"minecraft:broken":{"minecraft:golden_helmet":1,"minecraft:diamond_helmet":1,"roughtweaks:salve":2,"minecraft:iron_boots":1,"minecraft:iron_chestplate":2,"minecraft:iron_leggings":2,"minecraft:golden_leggings":1,"minecraft:chainmail_chestplate":2,"simplyswords:iron_halberd":1,"minecraft:chainmail_leggings":1,"dungeons_and_combat:broken_shield":1,"bountifulbaubles:cobalt_shield":1,"minecraft:chainmail_helmet":1,"roughtweaks:bandage":1,"minecraft:iron_pickaxe":1,"minecraft:iron_helmet":1,"toughasnails:iron_water_canteen":4},"minecraft:dropped":{"minecraft:nether_brick_stairs":2,"minecraft:cooked_beef":10,"minecraft:golden_pickaxe":1,"minecraft:glass_bottle":19,"artifacts:shock_pendant":1,"relics:infinity_ham":4,"minecraft:rooted_dirt":1,"minecraft:leather":7,"bountifulbaubles:magic_mirror":1,"minecraft:stone_axe":1,"minecraft:cooked_chicken":5,"dungeons_and_combat:broken_sword":1,"alexsmobs:animal_dictionary":1,"bountifulbaubles:potion_recall":1,"treasure2:gold_coin":8,"minecraft:oak_planks":91,"sophisticatedbackpacks:anvil_upgrade":3,"doggytalents:rice_grains":3,"minecraft:iron_bars":6,"minecraft:beef":50,"minecraft:iron_ingot":4,"minecraft:bread":5,"dungeons_and_combat:broken_shield":3,"minecraft:wheat_seeds":1,"simplyswords:iron_chakram":1,"scguns:powder_and_ball":56,"bountifulbaubles:potion_wormhole":1,"minecraft:copper_ingot":2,"minecraft:torch":26,"scalinghealth:heart_crystal":1,"minecraft:dead_bush":1,"minecraft:potion":8,"minecraft:iron_leggings":1,"traveloptics:lightning_echo":1,"minecraft:iron_shovel":2,"minecraft:string":8,"iceandfire:dragonbone":6,"simplyswords:thunderbrand":3,"minecraft:bowl":1,"iceandfire:witherbone":1,"minecraft:nether_bricks":2,"minecraft:diamond_sword":1,"minecraft:spruce_planks":1,"minecraft:iron_chestplate":1,"minecraft:spider_eye":1,"minecraft:raw_gold":21,"firstaid:plaster":4,"scalinghealth:bandages":1},"minecraft:used":{"simplyswords:thunderbrand":62,"iceandfire:dragon_skull_ice":1,"minecraft:iron_sword":53,"minecraft:rotten_flesh":2,"minecraft:iron_chestplate":1,"minecraft:soul_sand":1,"minecraft:nether_bricks":53,"simplyswords:diamond_sai":338,"minecraft:spruce_boat":1,"born_in_chaos_v1:corpse_maggot":9,"minecraft:bricks":1,"minecraft:quartz_block":5,"minecraft:iron_helmet":1,"minecraft:stone_bricks":22,"minecraft:sweet_berries":23,"minecraft:egg":1,"minecraft:mossy_stone_bricks":4,"minecraft:oak_planks":148,"minecraft:wooden_pickaxe":3,"minecraft:diamond_axe":1,"bountifulbaubles:cobalt_shield":31,"minecraft:golden_apple":2,"simplyswords:diamond_claymore":32,"simplyswords:iron_halberd":215,"minecraft:black_bed":4,"dungeons_and_combat:broken_shield":26,"scalinghealth:enchanted_heart":4,"minecraft:bread":4,"minecraft:diamond_sword":799,"born_in_chaos_v1:rotten_fish":1,"minecraft:chainmail_boots":1,"minecraft:andesite":1,"toughasnails:iron_water_canteen":59,"minecraft:air":1,"minecraft:golden_pickaxe":13,"dungeons_and_combat:estus_flask":5,"minecraft:iron_bars":14,"minecraft:spruce_planks":18,"minecraft:cooked_chicken":2,"minecraft:torch":569,"minecraft:dirt":9,"scalinghealth:heart_crystal":11,"toughasnails:empty_iron_canteen":5,"simplyswords:iron_katana":18,"minecraft:chainmail_chestplate":1,"minecraft:mossy_cobblestone_stairs":1,"scalinghealth:bandages":4,"iceandfire:dragonbone_pickaxe":393,"minecraft:cooked_beef":13,"minecraft:cobbled_deepslate":6,"minecraft:water_bucket":21,"minecraft:glass_bottle":16,"dungeons_and_combat:bronze_war_hammer":7,"scalinghealth:chance_heart":7,"minecraft:leather_boots":1,"minecraft:cracked_stone_bricks":4,"minecraft:mossy_cobblestone":49,"minecraft:lime_bed":1,"minecraft:tnt":3,"minecraft:crafting_table":7,"minecraft:apple":5,"minecraft:iron_pickaxe":205,"minecraft:cobblestone":2,"minecraft:potion":27,"too_many_bows:emerald_sage_bow":19,"minecraft:bucket":22,"too_many_bows:torchbearer":197,"uncraftingtable76:uncraftingtable":1}},"DataVersion":3465}